"feedback_media_id","feedback_id","media_url"
72,23,https://go-ski.s3.ap-northeast-2.amazonaws.com/feedback/images/dc72bb3e-6cd1-4b30-ae09-e8389b9fb17b.png
73,23,https://go-ski.s3.ap-northeast-2.amazonaws.com/feedback/images/8c69493d-4d9b-4d70-87f6-45f67a260621.png
74,23,https://go-ski.s3.ap-northeast-2.amazonaws.com/feedback/images/7c5a1cae-9ab8-466a-a4ec-54bdc6fc4df6.jpg
75,23,https://go-ski.s3.ap-northeast-2.amazonaws.com/feedback/videos/9f069029-b743-4e6a-b291-3e719eb17ac7.mp4
103,51,https://go-ski.s3.ap-northeast-2.amazonaws.com/feedback/images/5936e469-b194-4567-9517-a5a4629d1f7c.png
104,51,https://go-ski.s3.ap-northeast-2.amazonaws.com/feedback/images/d357a5ac-d700-4b99-aaca-fe994c4d48e4.png
105,51,https://go-ski.s3.ap-northeast-2.amazonaws.com/feedback/images/bfb28627-4666-4437-a47f-01af94f96261.png
106,51,https://go-ski.s3.ap-northeast-2.amazonaws.com/feedback/images/46d6538b-2a26-4865-9b5a-d1827e049d1f.mp4
121,53,https://go-ski.s3.ap-northeast-2.amazonaws.com/feedback/images/59eff4de-ed85-4214-83f8-6bf1f1364144.png
122,53,https://go-ski.s3.ap-northeast-2.amazonaws.com/feedback/images/bede7f27-4768-4b12-b2a9-439fac99f524.png
123,53,https://go-ski.s3.ap-northeast-2.amazonaws.com/feedback/images/90897b3b-6712-4aba-a754-4ee26ea3d629.png
124,53,https://go-ski.s3.ap-northeast-2.amazonaws.com/feedback/images/543745af-5b92-4027-abcc-44294d6b0ae8.png
125,53,https://go-ski.s3.ap-northeast-2.amazonaws.com/feedback/images/7eff5813-08a9-43ff-984e-d55641cf303a.png
126,53,https://go-ski.s3.ap-northeast-2.amazonaws.com/feedback/images/b6f9285f-5d19-49c8-960a-07c33b2d37d8.png
127,53,https://go-ski.s3.ap-northeast-2.amazonaws.com/feedback/images/9255188b-f8dc-45f3-92a7-4359d09fa691.png
128,53,https://go-ski.s3.ap-northeast-2.amazonaws.com/feedback/images/889f7870-f7cd-4444-8a45-fcf841bd790a.jpg
129,53,https://go-ski.s3.ap-northeast-2.amazonaws.com/feedback/images/a4cb0aff-4b98-4075-9cce-5a0ec49e0afe.png
130,53,https://go-ski.s3.ap-northeast-2.amazonaws.com/feedback/images/31fa8667-0b17-47db-a119-ff20f26b6de6.png
131,53,https://go-ski.s3.ap-northeast-2.amazonaws.com/feedback/images/cae1619e-4cab-4e39-8ce1-9476599ca00b.jpg
132,53,https://go-ski.s3.ap-northeast-2.amazonaws.com/feedback/images/62ff394a-08d0-4eba-8e54-82cccd37cd3b.png
133,53,https://go-ski.s3.ap-northeast-2.amazonaws.com/feedback/images/a4e56184-4a69-4461-8c56-5f7cedfd0438.png
134,53,https://go-ski.s3.ap-northeast-2.amazonaws.com/feedback/images/ef40edb9-2f58-4e3f-bf13-879fe39ef98c.png
135,53,https://go-ski.s3.ap-northeast-2.amazonaws.com/feedback/images/468a3f89-5461-4a18-85b6-80e54d162759.png
136,53,https://go-ski.s3.ap-northeast-2.amazonaws.com/feedback/videos/3a60d538-544b-4560-ab95-a11c08d4c716.mp4
137,53,https://go-ski.s3.ap-northeast-2.amazonaws.com/feedback/videos/7deaf142-cd9f-4d41-9825-15237e40a882.mp4
138,53,https://go-ski.s3.ap-northeast-2.amazonaws.com/feedback/videos/ced1dbc1-19db-4ba3-94e4-7771f9958eb9.mp4
139,53,https://go-ski.s3.ap-northeast-2.amazonaws.com/feedback/videos/5891ec78-6e48-4d1c-acb2-8a524dcf0380.mp4
140,53,https://go-ski.s3.ap-northeast-2.amazonaws.com/feedback/videos/f6242233-2dd4-4b95-8040-394c60646b6f.mp4
145,56,https://go-ski.s3.ap-northeast-2.amazonaws.com/feedback/videos/eb2b2266-cdf2-4fdf-b5b0-a22247a673bc.mp4
146,56,https://go-ski.s3.ap-northeast-2.amazonaws.com/feedback/videos/209b03d2-aed5-4fbd-8f4e-0225354d432f.mp4
147,57,https://go-ski.s3.ap-northeast-2.amazonaws.com/feedback/images/24d97693-8dfc-4cbc-a8be-cb7c3b99e011.png
148,57,https://go-ski.s3.ap-northeast-2.amazonaws.com/feedback/images/a443becc-dcac-4548-9e0c-c5ef5b5cb3d4.png
149,57,https://go-ski.s3.ap-northeast-2.amazonaws.com/feedback/images/b4a7e318-6181-457e-b76e-77a3999dfcc8.png
150,58,https://go-ski.s3.ap-northeast-2.amazonaws.com/feedback/videos/e6f81ed6-a5d1-4dee-ae52-0a91e93cb1c5.mp4
151,58,https://go-ski.s3.ap-northeast-2.amazonaws.com/feedback/videos/39d99478-bba1-4643-b1d7-10e4be2e398b.mp4
152,66,https://go-ski.s3.ap-northeast-2.amazonaws.com/feedback/images/28ae313c-3c8a-453b-9bdb-4dea220022b5.jpg
153,66,https://go-ski.s3.ap-northeast-2.amazonaws.com/feedback/images/fa2dc44b-bd75-4e06-8dc2-12ee65662e7d.jpg
166,68,https://go-ski.s3.ap-northeast-2.amazonaws.com/feedback/images/1af07c1e-91ad-4dad-afc9-3e02c48c39bc.jpg
167,68,https://go-ski.s3.ap-northeast-2.amazonaws.com/feedback/images/73e1c2df-4794-4156-821c-9dc66c39b3f7.jpg
168,68,https://go-ski.s3.ap-northeast-2.amazonaws.com/feedback/images/baf9ab72-350c-45aa-be1e-e2d6b60d2609.jpg
169,68,https://go-ski.s3.ap-northeast-2.amazonaws.com/feedback/images/341799f7-d6de-4747-b2f9-ae225ac5ac6a.jpg
170,68,https://go-ski.s3.ap-northeast-2.amazonaws.com/feedback/images/0b39b50d-d9bc-4a04-80dd-cd667b16de05.jpg
171,68,https://go-ski.s3.ap-northeast-2.amazonaws.com/feedback/images/37b51907-6a7e-4f71-9f0a-e3e738710d1f.jpg
172,68,https://go-ski.s3.ap-northeast-2.amazonaws.com/feedback/images/cf153b59-d35e-4ae4-ba82-ec7f2c37f1d1.jpg
173,68,https://go-ski.s3.ap-northeast-2.amazonaws.com/feedback/images/0738b2f7-68b3-4cc2-88a2-9af5de3c85b4.jpg
174,68,https://go-ski.s3.ap-northeast-2.amazonaws.com/feedback/images/70b966f6-c020-4293-a19c-cc2163a76360.jpg
175,68,https://go-ski.s3.ap-northeast-2.amazonaws.com/feedback/images/dbf3da7f-ac38-49bb-9c3c-2edf8578c8ad.jpg
176,68,https://go-ski.s3.ap-northeast-2.amazonaws.com/feedback/videos/09426fb5-49a7-48c3-a6be-8e0c64155550.mp4
177,68,https://go-ski.s3.ap-northeast-2.amazonaws.com/feedback/videos/f26a18b8-ca7c-47a7-b756-111e20102a83.mp4
178,69,https://go-ski.s3.ap-northeast-2.amazonaws.com/feedback/images/e775d22c-4d26-4036-acea-87491bff9d1d.jpg
179,69,https://go-ski.s3.ap-northeast-2.amazonaws.com/feedback/images/d5194ab4-7358-4ef0-be66-daaf0d17047e.jpg
180,69,https://go-ski.s3.ap-northeast-2.amazonaws.com/feedback/images/b59cf18c-138f-4593-b84a-6f0ae47a9729.jpg
181,69,https://go-ski.s3.ap-northeast-2.amazonaws.com/feedback/images/5e01ddfa-f14b-4a75-9118-20bb948fa84d.jpg
182,69,https://go-ski.s3.ap-northeast-2.amazonaws.com/feedback/videos/260e6e54-c8ae-4dcb-bcde-1ff9d8a181b8.mp4
183,70,https://go-ski.s3.ap-northeast-2.amazonaws.com/feedback/images/f111e681-8bef-4cf5-b3ab-0b35e6846e38.jpg
184,70,https://go-ski.s3.ap-northeast-2.amazonaws.com/feedback/images/d1b2634a-d945-408b-9e28-b33c546067a0.jpg
185,70,https://go-ski.s3.ap-northeast-2.amazonaws.com/feedback/images/cf22ac03-4ee0-45a2-887b-7d4c9c05ee7d.jpg
186,70,https://go-ski.s3.ap-northeast-2.amazonaws.com/feedback/videos/71de8d07-155f-4268-9c6a-90e47d7189d2.mp4
187,71,https://go-ski.s3.ap-northeast-2.amazonaws.com/feedback/images/0b2f2c9a-88f0-4ce4-94c1-f13ab4ccdde0.jpg
188,71,https://go-ski.s3.ap-northeast-2.amazonaws.com/feedback/images/2d848b14-f7f9-4186-a5fa-a915f299ef44.jpg
189,71,https://go-ski.s3.ap-northeast-2.amazonaws.com/feedback/images/51e00b90-e6d0-42e5-843d-091cb6672f62.jpg
190,71,https://go-ski.s3.ap-northeast-2.amazonaws.com/feedback/images/aca543f6-c89c-4982-93ef-5830fab2eb28.jpg
191,71,https://go-ski.s3.ap-northeast-2.amazonaws.com/feedback/images/08df695c-9681-4ecc-8d59-fdad6e9d009d.jpg
192,71,https://go-ski.s3.ap-northeast-2.amazonaws.com/feedback/videos/9c29d3b1-cba7-467b-a43b-1312aae16269.mp4
193,72,https://go-ski.s3.ap-northeast-2.amazonaws.com/feedback/images/52ec8f92-93a6-4e72-927f-2b90d568e0a9.jpg
194,72,https://go-ski.s3.ap-northeast-2.amazonaws.com/feedback/images/cd04f28e-3e2f-4441-8777-b65e6137232a.jpg
195,72,https://go-ski.s3.ap-northeast-2.amazonaws.com/feedback/images/7909345d-ca5a-4431-9744-b6f458fab083.jpg
196,72,https://go-ski.s3.ap-northeast-2.amazonaws.com/feedback/images/fb46c456-91b4-4e01-b774-368e42a6b55d.jpg
197,72,https://go-ski.s3.ap-northeast-2.amazonaws.com/feedback/images/8e1424db-6a47-4d0e-b249-444b3b7ff210.jpg
198,72,https://go-ski.s3.ap-northeast-2.amazonaws.com/feedback/videos/02cac5c5-2ca8-46f1-b4c5-1421d4f6471b.mp4
199,73,https://go-ski.s3.ap-northeast-2.amazonaws.com/feedback/images/abbe65f1-e955-4769-8963-fb2941769278.jpg
200,73,https://go-ski.s3.ap-northeast-2.amazonaws.com/feedback/images/2cb9942f-c4ec-4d1e-a9ce-be16291dbcf5.jpg
201,73,https://go-ski.s3.ap-northeast-2.amazonaws.com/feedback/images/2e786b6a-fb79-4c54-943c-66d250b89120.jpg
202,73,https://go-ski.s3.ap-northeast-2.amazonaws.com/feedback/images/f8ebc3a0-8deb-4347-b69d-784e738b0311.jpg
203,73,https://go-ski.s3.ap-northeast-2.amazonaws.com/feedback/images/77fe9336-6add-463e-8643-e7279264dada.jpg
204,73,https://go-ski.s3.ap-northeast-2.amazonaws.com/feedback/videos/6499fbe0-f9de-4970-9bc1-21e4617a54e9.mp4
205,74,https://go-ski.s3.ap-northeast-2.amazonaws.com/feedback/images/af84d0e6-e620-4fb9-b9b1-fd865dc9d43c.jpg
206,74,https://go-ski.s3.ap-northeast-2.amazonaws.com/feedback/images/761dd05f-1280-4538-a763-6eaa88fdc2b5.jpg
207,74,https://go-ski.s3.ap-northeast-2.amazonaws.com/feedback/images/d3b2fe3b-bbbc-4816-a9fe-d870301b11d4.jpg
208,74,https://go-ski.s3.ap-northeast-2.amazonaws.com/feedback/images/f44d51fc-4da2-4b19-96e1-dcea6bec5ce7.jpg
209,74,https://go-ski.s3.ap-northeast-2.amazonaws.com/feedback/images/82edbfd5-90c5-4f2e-a0b5-e5cf0ecb70e6.jpg
210,74,https://go-ski.s3.ap-northeast-2.amazonaws.com/feedback/videos/925493e7-bf9a-48ed-b43f-60c753e406d0.mp4
211,75,https://go-ski.s3.ap-northeast-2.amazonaws.com/feedback/images/8ff017ea-94cd-4268-8058-10c0dc8163c3.jpg
212,75,https://go-ski.s3.ap-northeast-2.amazonaws.com/feedback/images/fbc49103-9513-4a54-8a37-32b7a23e9d21.jpg
213,75,https://go-ski.s3.ap-northeast-2.amazonaws.com/feedback/images/8e487197-b031-4715-957d-3880e7772df3.jpg
214,75,https://go-ski.s3.ap-northeast-2.amazonaws.com/feedback/images/29d54fbb-5af9-4e04-84c2-863a74d51727.jpg
215,75,https://go-ski.s3.ap-northeast-2.amazonaws.com/feedback/images/20f79011-de86-482f-8d96-1264ecea55a4.jpg
216,75,https://go-ski.s3.ap-northeast-2.amazonaws.com/feedback/videos/dec4282e-4459-4d80-9865-09fa86f9a947.mp4
217,76,https://go-ski.s3.ap-northeast-2.amazonaws.com/feedback/images/9cfcf2d4-0d38-45f8-b8df-a6aae8b36fd2.jpg
218,76,https://go-ski.s3.ap-northeast-2.amazonaws.com/feedback/images/9372f4e6-2f05-4cfa-b902-9d73b9e1e6df.jpg
219,76,https://go-ski.s3.ap-northeast-2.amazonaws.com/feedback/images/16dbb483-8040-49e3-b177-5b9fa4c2e5db.jpg
220,76,https://go-ski.s3.ap-northeast-2.amazonaws.com/feedback/images/150013e3-2e32-42f1-9468-e831dd3b928c.jpg
221,76,https://go-ski.s3.ap-northeast-2.amazonaws.com/feedback/images/c65cc1c8-f123-4583-a406-bd2300f43ffe.jpg
222,76,https://go-ski.s3.ap-northeast-2.amazonaws.com/feedback/videos/e98dfec0-5baa-4972-8543-b5093e3008ee.mp4
223,77,https://go-ski.s3.ap-northeast-2.amazonaws.com/feedback/images/27475098-f867-4f34-b1d3-746f850a8683.jpg
224,77,https://go-ski.s3.ap-northeast-2.amazonaws.com/feedback/images/14028462-2663-44a0-aac5-eca2ae648b8e.jpg
225,77,https://go-ski.s3.ap-northeast-2.amazonaws.com/feedback/images/08668418-3684-4459-93bf-7fa1872e0f41.jpg
226,77,https://go-ski.s3.ap-northeast-2.amazonaws.com/feedback/images/6272b389-ef79-41d1-b5a0-38d0accf4c45.jpg
227,77,https://go-ski.s3.ap-northeast-2.amazonaws.com/feedback/images/b96b3efd-3c4c-4264-abb9-f044dd0868d3.jpg
228,77,https://go-ski.s3.ap-northeast-2.amazonaws.com/feedback/videos/36537015-76c3-4396-a64b-b7c03f8bfd0e.mp4
229,78,https://go-ski.s3.ap-northeast-2.amazonaws.com/feedback/images/81991153-1eee-4e30-bd8a-3ee356488129.jpg
230,78,https://go-ski.s3.ap-northeast-2.amazonaws.com/feedback/images/3cbcb339-15ab-42f6-9a9b-dab4e5253328.jpg
231,78,https://go-ski.s3.ap-northeast-2.amazonaws.com/feedback/images/8abafd17-9731-4333-bf89-599aaa02eaf8.jpg
232,78,https://go-ski.s3.ap-northeast-2.amazonaws.com/feedback/images/657b3585-1fc6-4ed0-bb3d-9dd50e3a7797.jpg
233,78,https://go-ski.s3.ap-northeast-2.amazonaws.com/feedback/images/1f970e11-466a-4b5d-94bb-a14afad07351.jpg
234,78,https://go-ski.s3.ap-northeast-2.amazonaws.com/feedback/videos/618172ed-ee5c-4b84-a1c7-d14263f5bf5c.mp4
235,79,https://go-ski.s3.ap-northeast-2.amazonaws.com/feedback/images/75208e19-9c99-4cb9-94a1-cb0bda9393dd.jpg
236,79,https://go-ski.s3.ap-northeast-2.amazonaws.com/feedback/images/89fe09fd-aa50-436e-986e-26d870ad6e61.jpg
237,79,https://go-ski.s3.ap-northeast-2.amazonaws.com/feedback/images/6eca6b3c-303d-4153-8cae-e3bfb9534da4.jpg
238,79,https://go-ski.s3.ap-northeast-2.amazonaws.com/feedback/images/9b0d7376-c88f-4d2d-9a8c-ef6b7a71ba30.jpg
239,79,https://go-ski.s3.ap-northeast-2.amazonaws.com/feedback/images/abbaf040-959b-45f2-860a-50643c123a73.jpg
240,79,https://go-ski.s3.ap-northeast-2.amazonaws.com/feedback/videos/0dde774c-7dfd-4cc6-a3d5-eaa4bc6b4ed1.mp4
241,79,https://go-ski.s3.ap-northeast-2.amazonaws.com/feedback/videos/6d985935-44c6-479f-91b7-59290202d995.mp4
242,80,https://go-ski.s3.ap-northeast-2.amazonaws.com/feedback/images/1b303bf9-aa6b-45e9-b77d-c096400538fd.jpg
243,80,https://go-ski.s3.ap-northeast-2.amazonaws.com/feedback/images/75c4b356-8190-42a8-a93b-5ee6a1af3552.jpg
244,80,https://go-ski.s3.ap-northeast-2.amazonaws.com/feedback/images/1805143e-3894-4c21-b659-4c796034ec34.jpg
245,80,https://go-ski.s3.ap-northeast-2.amazonaws.com/feedback/images/39fc2a38-ae6f-400b-b362-117fdbcc1fb1.jpg
246,80,https://go-ski.s3.ap-northeast-2.amazonaws.com/feedback/images/7daf9ca1-5470-4e90-b94f-23aa64cea51a.jpg
247,80,https://go-ski.s3.ap-northeast-2.amazonaws.com/feedback/videos/7d65b9e5-a992-41e5-81dd-d5f376261a6d.mp4
248,80,https://go-ski.s3.ap-northeast-2.amazonaws.com/feedback/videos/92f1e28a-9a27-404c-9c0e-4097a0655cc0.mp4
249,81,https://go-ski.s3.ap-northeast-2.amazonaws.com/feedback/images/33b5a72a-c7ae-45c8-9926-91a5aca18127.jpg
250,81,https://go-ski.s3.ap-northeast-2.amazonaws.com/feedback/images/4c91b87b-ea87-46b7-9572-46007529674d.jpg
251,81,https://go-ski.s3.ap-northeast-2.amazonaws.com/feedback/images/6ea0b081-9d1c-41a0-aafa-89e326e57394.jpg
252,81,https://go-ski.s3.ap-northeast-2.amazonaws.com/feedback/images/5394a6a3-7907-440a-9cb6-778e4eb7a151.jpg
253,81,https://go-ski.s3.ap-northeast-2.amazonaws.com/feedback/images/4abfc776-1e68-4d40-ad29-16a2729c143e.jpg
254,81,https://go-ski.s3.ap-northeast-2.amazonaws.com/feedback/images/d95c663a-8018-416e-90b0-4c01590980f2.jpg
255,81,https://go-ski.s3.ap-northeast-2.amazonaws.com/feedback/images/f52ed447-b284-4e9f-880f-78f54bdac714.jpg
256,81,https://go-ski.s3.ap-northeast-2.amazonaws.com/feedback/images/a8c4fdd9-a164-4373-b24a-71756f3ea347.jpg
257,81,https://go-ski.s3.ap-northeast-2.amazonaws.com/feedback/videos/9d886155-6cf5-4ffc-ad53-f0de7cac00cf.mp4
258,81,https://go-ski.s3.ap-northeast-2.amazonaws.com/feedback/videos/358e85dc-3f5c-41d6-9b65-10d31ba80bc6.mp4
